Division,Sales,Profit,Units,Cost,Avg_Margin,Sales_Share_%,Profit_Share_%
Chocolate,131692.9,88824.62,37275,42868.28,67.45816245441226,92.88300772099007,95.05774655725214
Other,9663.25,4333.45,1242,5329.8,37.67245657568238,6.815490617640414,4.637542967462448
Sugar,427.48,284.73,137,142.75,57.68900055834729,0.3015016613695107,0.3047104752854153
